airport_code,betweenness_centrality,pagerank,inbound_flight_volume,outbound_flight_volume,total_node_degree
BOS,0.041667,0.13925,31,19,50
DEN,0.085648,0.117319,25,19,44
SFO,0.086806,0.112773,24,17,41
MIA,0.048611,0.109029,23,19,42
SEA,0.0625,0.104964,21,22,43
ORD,0.034722,0.10145,19,24,43
DFW,0.025463,0.092622,17,19,36
ATL,0.119213,0.079131,14,19,33
LAX,0.075231,0.072633,14,21,35
JFK,0.025463,0.070832,12,21,33
